date,weekday,festival,festival_kn,category,rule,tithi_at_sunrise,lunar_month,tulu_date,how_chosen,confidence,note,priest_date,priest_comment
2026-01-01,Thursday,Pradosha,ಪ್ರದೋಷ,vrata,"Trayodashi at pradosha, every paksha/month",S-Trayodashi (till 22:22),Pushya,Perarde 17,Pushya Shukla,medium,,,
2026-01-03,Saturday,Purnima,ಹುಣ್ಣಿಮೆ,vrata,"Purnima at sunrise, every paksha/month",S-Purnima (till 15:32),Pushya,Perarde 19,Pushya Shukla,high,,,
2026-01-06,Tuesday,Sankashti Chaturthi,ಸಂಕಷ್ಟ ಚತುರ್ಥಿ,vrata,"Chaturthi at moonrise, every paksha/month",K-Tritiya (till 08:02),Pushya,Perarde 22,Pushya Krishna,medium,,,
2026-01-14,Wednesday,Makara Sankranti,ಮಕರ ಸಂಕ್ರಾಂತಿ,major,Day of Makara sankramana (Sun enters sidereal Makara),K-Ekadashi (till 17:53),Pushya,Puyintel 1,instant 15:07,high,,,
2026-01-14,Wednesday,Ekadashi,ಏಕಾದಶಿ,vrata,"Ekadashi at sunrise, every paksha/month",K-Ekadashi (till 17:53),Pushya,Puyintel 1,Pushya Krishna,medium,Smarta reckoning (Ekadashi at sunrise). Madhwa (arunodaya) variant noted when it differs.,,
2026-01-16,Friday,Pradosha,ಪ್ರದೋಷ,vrata,"Trayodashi at pradosha, every paksha/month",K-Trayodashi (till 22:22),Pushya,Puyintel 3,Pushya Krishna,medium,,,
2026-01-18,Sunday,Amavasya,ಅಮಾವಾಸ್ಯೆ,vrata,"Amavasya at sunrise, every paksha/month",K-Amavasya (till 01:21 (+1)),Pushya,Puyintel 5,Pushya Krishna,high,,,
2026-01-25,Sunday,Ratha Saptami,ರಥಸಪ್ತಮಿ,major,"Magha Shukla Saptami at sunrise (amanta, nija masa)",S-Saptami (till 23:10),Magha,Puyintel 12,,medium,,,
2026-01-29,Thursday,Ekadashi,ಏಕಾದಶಿ,vrata,"Ekadashi at sunrise, every paksha/month",S-Ekadashi (till 13:55),Magha,Puyintel 16,Magha Shukla,medium,Smarta reckoning (Ekadashi at sunrise). Madhwa (arunodaya) variant noted when it differs.,,
2026-01-30,Friday,Pradosha,ಪ್ರದೋಷ,vrata,"Trayodashi at pradosha, every paksha/month",S-Dwadashi (till 11:09),Magha,Puyintel 17,Magha Shukla,medium,,,
2026-02-01,Sunday,Purnima,ಹುಣ್ಣಿಮೆ,vrata,"Purnima at sunrise, every paksha/month",S-Purnima (till 03:39 (+1)),Magha,Puyintel 19,Magha Shukla,high,,,
2026-02-05,Thursday,Sankashti Chaturthi,ಸಂಕಷ್ಟ ಚತುರ್ಥಿ,vrata,"Chaturthi at moonrise, every paksha/month",K-Chaturthi (till 00:22 (+1)),Magha,Puyintel 23,Magha Krishna,medium,,,
2026-02-09,Monday,Keddasa,ಕೆಡ್ಡಸ,tulu,Day 27 of Puyintel (Makara solar month),K-Ashtami (till 07:27 (+1)),Magha,Puyintel 27,,low,"Bhumi (earth) festival, about 10 February. The exact day reckoning (Puyintel 27) needs confirmation.",,
2026-02-12,Thursday,Kumbha Sankramana (Maayi begins),ಕುಂಭ ಸಂಕ್ರಮಣ,sankramana,Day of Kumbha sankramana (Sun enters sidereal Kumbha),K-Dashami (till 12:22),Magha,Puyintel 30,instant 04:08 (+1),high,,,
2026-02-13,Friday,Ekadashi,ಏಕಾದಶಿ,vrata,"Ekadashi at sunrise, every paksha/month",K-Ekadashi (till 14:26),Magha,Maayi 1,Magha Krishna,medium,Smarta reckoning (Ekadashi at sunrise). Madhwa (arunodaya) variant noted when it differs.,,
2026-02-14,Saturday,Pradosha,ಪ್ರದೋಷ,vrata,"Trayodashi at pradosha, every paksha/month",K-Dwadashi (till 16:02),Magha,Maayi 2,Magha Krishna,medium,,,
2026-02-15,Sunday,Maha Shivaratri,ಮಹಾ ಶಿವರಾತ್ರಿ,major,"Magha Krishna Chaturdashi at midnight (nishita) (amanta, nija masa)",K-Trayodashi (till 17:05),Magha,Maayi 3,,high,,,
2026-02-17,Tuesday,Amavasya,ಅಮಾವಾಸ್ಯೆ,vrata,"Amavasya at sunrise, every paksha/month",K-Amavasya (till 17:31),Magha,Maayi 5,Magha Krishna,high,,,
2026-02-27,Friday,Ekadashi,ಏಕಾದಶಿ,vrata,"Ekadashi at sunrise, every paksha/month",S-Ekadashi (till 22:33),Phalguna,Maayi 15,Phalguna Shukla,medium,Smarta reckoning (Ekadashi at sunrise). Madhwa (arunodaya) variant noted when it differs.,,
2026-03-01,Sunday,Pradosha,ಪ್ರದೋಷ,vrata,"Trayodashi at pradosha, every paksha/month",S-Trayodashi (till 19:09),Phalguna,Maayi 17,Phalguna Shukla,medium,,,
2026-03-02,Monday,Holi / Kama Dahana,ಹೋಳಿ / ಕಾಮದಹನ,major,"Phalguna Purnima at pradosha (amanta, nija masa)",S-Chaturdashi (till 17:56),Phalguna,Maayi 18,,medium,,,
2026-03-03,Tuesday,Purnima,ಹುಣ್ಣಿಮೆ,vrata,"Purnima at sunrise, every paksha/month",S-Purnima (till 17:07),Phalguna,Maayi 19,Phalguna Shukla,high,,,
2026-03-06,Friday,Sankashti Chaturthi,ಸಂಕಷ್ಟ ಚತುರ್ಥಿ,vrata,"Chaturthi at moonrise, every paksha/month",K-Tritiya (till 17:53),Phalguna,Maayi 22,Phalguna Krishna,medium,,,
2026-03-14,Saturday,Meena Sankramana (Suggi begins),ಮೀನ ಸಂಕ್ರಮಣ,sankramana,Day of Meena sankramana (Sun enters sidereal Meena),K-Dashami (till 08:11),Phalguna,Maayi 30,instant 01:03 (+1),high,,,
2026-03-15,Sunday,Ekadashi,ಏಕಾದಶಿ,vrata,"Ekadashi at sunrise, every paksha/month",K-Ekadashi (till 09:16),Phalguna,Suggi 1,Phalguna Krishna,medium,Smarta reckoning (Ekadashi at sunrise). Madhwa (arunodaya) variant noted when it differs.,,
2026-03-16,Monday,Pradosha,ಪ್ರದೋಷ,vrata,"Trayodashi at pradosha, every paksha/month",K-Dwadashi (till 09:41),Phalguna,Suggi 2,Phalguna Krishna,medium,,,
2026-03-19,Thursday,Chandramana Ugadi,ಚಾಂದ್ರಮಾನ ಯುಗಾದಿ,major,"Chaitra Shukla Pratipada at sunrise (amanta, nija masa)",K-Amavasya (till 06:53),Phalguna,Suggi 5,tithi does not touch at sunrise; day it begins,high,Lunar new year. Tulunadu mainly celebrates Bisu (solar).,,
2026-03-19,Thursday,Amavasya,ಅಮಾವಾಸ್ಯೆ,vrata,"Amavasya at sunrise, every paksha/month",K-Amavasya (till 06:53),Phalguna,Suggi 5,Phalguna Krishna,high,,,
2026-03-26,Thursday,Sri Rama Navami,ಶ್ರೀ ರಾಮ ನವಮಿ,major,"Chaitra Shukla Navami at madhyahna (amanta, nija masa)",S-Ashtami (till 11:49),Chaitra,Suggi 12,,high,,,
2026-03-29,Sunday,Ekadashi,ಏಕಾದಶಿ,vrata,"Ekadashi at sunrise, every paksha/month",S-Ekadashi (till 07:46),Chaitra,Suggi 15,Chaitra Shukla,medium,Smarta reckoning (Ekadashi at sunrise). Madhwa (arunodaya) variant noted when it differs.,,
2026-03-30,Monday,Pradosha,ಪ್ರದೋಷ,vrata,"Trayodashi at pradosha, every paksha/month",S-Dwadashi (till 07:10),Chaitra,Suggi 16,Chaitra Shukla,medium,,,
2026-04-02,Thursday,Purnima,ಹುಣ್ಣಿಮೆ,vrata,"Purnima at sunrise, every paksha/month",S-Purnima (till 07:41),Chaitra,Suggi 19,Chaitra Shukla,high,,,
2026-04-05,Sunday,Sankashti Chaturthi,ಸಂಕಷ್ಟ ಚತುರ್ಥಿ,vrata,"Chaturthi at moonrise, every paksha/month",K-Tritiya (till 12:00),Chaitra,Suggi 22,Chaitra Krishna,medium,,,
2026-04-13,Monday,Ekadashi,ಏಕಾದಶಿ,vrata,"Ekadashi at sunrise, every paksha/month",K-Ekadashi (till 01:09 (+1)),Chaitra,Suggi 30,Chaitra Krishna,medium,Smarta reckoning (Ekadashi at sunrise). Madhwa (arunodaya) variant noted when it differs.,,
2026-04-14,Tuesday,Bisu (Tulu New Year),ಬಿಸು (ಸೌರಮಾನ ಯುಗಾದಿ),tulu,Day 1 of Paggu (Mesha solar month),K-Dwadashi (till 00:13 (+1)),Chaitra,Paggu 1,instant 09:32,high,First day of Paggu. Depends on the solar-month day-1 rule.,,
2026-04-14,Tuesday,Mesha Sankramana (Paggu begins),ಮೇಷ ಸಂಕ್ರಮಣ,sankramana,Day of Mesha sankramana (Sun enters sidereal Mesha),K-Dwadashi (till 00:13 (+1)),Chaitra,Paggu 1,instant 09:32,high,,,
2026-04-15,Wednesday,Pradosha,ಪ್ರದೋಷ,vrata,"Trayodashi at pradosha, every paksha/month",K-Trayodashi (till 22:31),Chaitra,Paggu 2,Chaitra Krishna,medium,,,
2026-04-17,Friday,Amavasya,ಅಮಾವಾಸ್ಯೆ,vrata,"Amavasya at sunrise, every paksha/month",K-Amavasya (till 17:22),Chaitra,Paggu 4,Chaitra Krishna,high,,,
2026-04-20,Monday,Akshaya Tritiya,ಅಕ್ಷಯ ತೃತೀಯ,major,"Vaishakha Shukla Tritiya at sunrise (amanta, nija masa)",S-Tritiya (till 07:28),Vaishakha,Paggu 7,,medium,,,
2026-04-27,Monday,Ekadashi,ಏಕಾದಶಿ,vrata,"Ekadashi at sunrise, every paksha/month",S-Ekadashi (till 18:16),Vaishakha,Paggu 14,Vaishakha Shukla,medium,Smarta reckoning (Ekadashi at sunrise). Madhwa (arunodaya) variant noted when it differs.,,
2026-04-28,Tuesday,Pradosha,ಪ್ರದೋಷ,vrata,"Trayodashi at pradosha, every paksha/month",S-Dwadashi (till 18:52),Vaishakha,Paggu 15,Vaishakha Shukla,medium,,,
2026-05-01,Friday,Purnima,ಹುಣ್ಣಿಮೆ,vrata,"Purnima at sunrise, every paksha/month",S-Purnima (till 22:53),Vaishakha,Paggu 18,Vaishakha Shukla,high,,,
2026-05-05,Tuesday,Sankashti Chaturthi,ಸಂಕಷ್ಟ ಚತುರ್ಥಿ,vrata,"Chaturthi at moonrise, every paksha/month",K-Chaturthi (till 07:51 (+1)),Vaishakha,Paggu 22,Vaishakha Krishna,medium,,,
2026-05-13,Wednesday,Ekadashi,ಏಕಾದಶಿ,vrata,"Ekadashi at sunrise, every paksha/month",K-Ekadashi (till 13:30),Vaishakha,Paggu 30,Vaishakha Krishna,medium,Smarta reckoning (Ekadashi at sunrise). Madhwa (arunodaya) variant noted when it differs.,,
2026-05-14,Thursday,Pradosha,ಪ್ರದೋಷ,vrata,"Trayodashi at pradosha, every paksha/month",K-Dwadashi (till 11:21),Vaishakha,Paggu 31,Vaishakha Krishna,medium,,,
2026-05-15,Friday,Vrishabha Sankramana (Beshe begins),ವೃಷಭ ಸಂಕ್ರಮಣ,sankramana,Day of Vrishabha sankramana (Sun enters sidereal Vrishabha),K-Trayodashi (till 08:31),Vaishakha,Beshe 1,instant 06:22,high,,,
2026-05-16,Saturday,Amavasya,ಅಮಾವಾಸ್ಯೆ,vrata,"Amavasya at sunrise, every paksha/month",K-Amavasya (till 01:31 (+1)),Vaishakha,Beshe 2,Vaishakha Krishna,high,,,
2026-05-24,Sunday,Pattanaje,ಪತ್ತನಾಜೆ,tulu,Day 10 of Beshe (Vrishabha solar month),S-Navami (till 04:31 (+1)),Adhika Jyeshtha,Beshe 10,,medium,10th day of Beshe.,,
2026-05-26,Tuesday,Ekadashi,ಏಕಾದಶಿ,vrata,"Ekadashi at sunrise, every paksha/month",S-Ekadashi (till 06:22 (+1)),Adhika Jyeshtha,Beshe 12,Adhika Jyeshtha Shukla; Madhwa (arunodaya) observance: next day,medium,Smarta reckoning (Ekadashi at sunrise). Madhwa (arunodaya) variant noted when it differs.,,
2026-05-28,Thursday,Pradosha,ಪ್ರದೋಷ,vrata,"Trayodashi at pradosha, every paksha/month",S-Dwadashi (till 07:57),Adhika Jyeshtha,Beshe 14,Adhika Jyeshtha Shukla,medium,,,
2026-05-31,Sunday,Purnima,ಹುಣ್ಣಿಮೆ,vrata,"Purnima at sunrise, every paksha/month",S-Purnima (till 14:15),Adhika Jyeshtha,Beshe 17,Adhika Jyeshtha Shukla,high,,,
2026-06-03,Wednesday,Sankashti Chaturthi,ಸಂಕಷ್ಟ ಚತುರ್ಥಿ,vrata,"Chaturthi at moonrise, every paksha/month",K-Tritiya (till 21:21),Adhika Jyeshtha,Beshe 20,Adhika Jyeshtha Krishna,medium,,,
2026-06-11,Thursday,Ekadashi,ಏಕಾದಶಿ,vrata,"Ekadashi at sunrise, every paksha/month",K-Ekadashi (till 22:36),Adhika Jyeshtha,Beshe 28,Adhika Jyeshtha Krishna,medium,Smarta reckoning (Ekadashi at sunrise). Madhwa (arunodaya) variant noted when it differs.,,
2026-06-12,Friday,Pradosha,ಪ್ರದೋಷ,vrata,"Trayodashi at pradosha, every paksha/month",K-Dwadashi (till 19:37),Adhika Jyeshtha,Beshe 29,Adhika Jyeshtha Krishna,medium,,,
2026-06-15,Monday,Amavasya,ಅಮಾವಾಸ್ಯೆ,vrata,"Amavasya at sunrise, every paksha/month",K-Amavasya (till 08:24),Adhika Jyeshtha,Kartel 1,Adhika Jyeshtha Krishna,high,,,
2026-06-15,Monday,Mithuna Sankramana (Kartel begins),ಮಿಥುನ ಸಂಕ್ರಮಣ,sankramana,Day of Mithuna sankramana (Sun enters sidereal Mithuna),K-Amavasya (till 08:24),Adhika Jyeshtha,Kartel 1,instant 12:52,high,,,
2026-06-25,Thursday,Ekadashi,ಏಕಾದಶಿ,vrata,"Ekadashi at sunrise, every paksha/month",S-Ekadashi (till 20:09),Jyeshtha,Kartel 11,Jyeshtha Shukla,medium,Smarta reckoning (Ekadashi at sunrise). Madhwa (arunodaya) variant noted when it differs.,,
2026-06-27,Saturday,Pradosha,ಪ್ರದೋಷ,vrata,"Trayodashi at pradosha, every paksha/month",S-Trayodashi (till 00:43 (+1)),Jyeshtha,Kartel 13,Jyeshtha Shukla,medium,,,
2026-06-29,Monday,Purnima,ಹುಣ್ಣಿಮೆ,vrata,"Purnima at sunrise, every paksha/month",S-Purnima (till 05:26 (+1)),Jyeshtha,Kartel 15,Jyeshtha Shukla,high,,,
2026-07-03,Friday,Sankashti Chaturthi,ಸಂಕಷ್ಟ ಚತುರ್ಥಿ,vrata,"Chaturthi at moonrise, every paksha/month",K-Tritiya (till 11:20),Jyeshtha,Kartel 19,Jyeshtha Krishna,medium,,,
2026-07-10,Friday,Ekadashi,ಏಕಾದಶಿ,vrata,"Ekadashi at sunrise, every paksha/month",K-Dashami (till 08:16),Jyeshtha,Kartel 26,Jyeshtha Krishna; Madhwa (arunodaya) observance: next day,medium,Smarta reckoning (Ekadashi at sunrise). Madhwa (arunodaya) variant noted when it differs.,,
2026-07-12,Sunday,Pradosha,ಪ್ರದೋಷ,vrata,"Trayodashi at pradosha, every paksha/month",K-Trayodashi (till 22:30),Jyeshtha,Kartel 28,Jyeshtha Krishna,medium,,,
2026-07-14,Tuesday,Amavasya,ಅಮಾವಾಸ್ಯೆ,vrata,"Amavasya at sunrise, every paksha/month",K-Amavasya (till 15:13),Jyeshtha,Kartel 30,Jyeshtha Krishna,high,,,
2026-07-16,Thursday,Karka Sankramana (Aati begins),ಕರ್ಕಾಟಕ ಸಂಕ್ರಮಣ,sankramana,Day of Karka sankramana (Sun enters sidereal Karka),S-Dwitiya (till 08:53),Ashadha,Kartel 32,instant 23:39,high,,,
2026-07-25,Saturday,Ekadashi,ಏಕಾದಶಿ,vrata,"Ekadashi at sunrise, every paksha/month",S-Ekadashi (till 11:34),Ashadha,Aati 9,Ashadha Shukla,medium,Smarta reckoning (Ekadashi at sunrise). Madhwa (arunodaya) variant noted when it differs.,,
2026-07-26,Sunday,Pradosha,ಪ್ರದೋಷ,vrata,"Trayodashi at pradosha, every paksha/month",S-Dwadashi (till 13:58),Ashadha,Aati 10,Ashadha Shukla,medium,,,
2026-07-29,Wednesday,Guru Purnima,ಗುರು ಪೂರ್ಣಿಮೆ,major,"Ashadha Purnima at sunrise (amanta, nija masa)",S-Purnima (till 20:05),Ashadha,Aati 13,,medium,,,
2026-07-29,Wednesday,Purnima,ಹುಣ್ಣಿಮೆ,vrata,"Purnima at sunrise, every paksha/month",S-Purnima (till 20:05),Ashadha,Aati 13,Ashadha Shukla,high,,,
2026-08-02,Sunday,Sankashti Chaturthi,ಸಂಕಷ್ಟ ಚತುರ್ಥಿ,vrata,"Chaturthi at moonrise, every paksha/month",K-Chaturthi (till 23:15),Ashadha,Aati 17,Ashadha Krishna,medium,,,
2026-08-09,Sunday,Ekadashi,ಏಕಾದಶಿ,vrata,"Ekadashi at sunrise, every paksha/month",K-Ekadashi (till 11:05),Ashadha,Aati 24,Ashadha Krishna,medium,Smarta reckoning (Ekadashi at sunrise). Madhwa (arunodaya) variant noted when it differs.,,
2026-08-10,Monday,Pradosha,ಪ್ರದೋಷ,vrata,"Trayodashi at pradosha, every paksha/month",K-Dwadashi (till 08:01),Ashadha,Aati 25,Ashadha Krishna,medium,,,
2026-08-12,Wednesday,Aati Amavasye,ಆಟಿ ಅಮಾವಾಸ್ಯೆ,tulu,Amavasya at sunrise in solar month Karka (Aati),K-Amavasya (till 23:06),Ashadha,Aati 27,,medium,Pale kashaya (Alstonia bark) drink at dawn.,,
2026-08-12,Wednesday,Amavasya,ಅಮಾವಾಸ್ಯೆ,vrata,"Amavasya at sunrise, every paksha/month",K-Amavasya (till 23:06),Ashadha,Aati 27,Ashadha Krishna,high,,,
2026-08-17,Monday,Nagara Panchami,ನಾಗರ ಪಂಚಮಿ,tulu,"Shravana Shukla Panchami at sunrise (amanta, nija masa)",S-Panchami (till 17:00),Shravana,Sona 1,,medium,Naga worship at nagabana; check local temple announcement.,,
2026-08-17,Monday,Simha Sankramana (Sona begins),ಸಿಂಹ ಸಂಕ್ರಮಣ,sankramana,Day of Simha sankramana (Sun enters sidereal Simha),S-Panchami (till 17:00),Shravana,Sona 1,instant 07:58,high,,,
2026-08-23,Sunday,Ekadashi,ಏಕಾದಶಿ,vrata,"Ekadashi at sunrise, every paksha/month",S-Ekadashi (till 04:19 (+1)),Shravana,Sona 7,Shravana Shukla,medium,Smarta reckoning (Ekadashi at sunrise). Madhwa (arunodaya) variant noted when it differs.,,
2026-08-25,Tuesday,Pradosha,ಪ್ರದೋಷ,vrata,"Trayodashi at pradosha, every paksha/month",S-Dwadashi (till 06:21),Shravana,Sona 9,Shravana Shukla,medium,,,
2026-08-28,Friday,Varamahalakshmi Vrata,ವರಮಹಾಲಕ್ಷ್ಮೀ ವ್ರತ,major,"Last Friday on or before Shravana Purnima at sunrise (amanta, nija masa)",S-Purnima (till 09:48),Shravana,Sona 12,,medium,,,
2026-08-28,Friday,Nooli Hunnime / Upakarma,ನೂಲ ಹುಣ್ಣಿಮೆ / ಉಪಾಕರ್ಮ,major,"Shravana Purnima at sunrise (amanta, nija masa)",S-Purnima (till 09:48),Shravana,Sona 12,,medium,Rig/Yajur upakarma dates can differ (nakshatra based).,,
2026-08-28,Friday,Purnima,ಹುಣ್ಣಿಮೆ,vrata,"Purnima at sunrise, every paksha/month",S-Purnima (till 09:48),Shravana,Sona 12,Shravana Shukla,high,,,
2026-08-31,Monday,Sankashti Chaturthi,ಸಂಕಷ್ಟ ಚತುರ್ಥಿ,vrata,"Chaturthi at moonrise, every paksha/month",K-Tritiya (till 08:51),Shravana,Sona 15,Shravana Krishna,medium,,,
2026-09-04,Friday,Sri Krishna Janmashtami (Chandramana),ಶ್ರೀ ಕೃಷ್ಣ ಜನ್ಮಾಷ್ಟಮಿ (ಚಾಂದ್ರಮಾನ),major,"Shravana Krishna Ashtami at midnight (nishita) (amanta, nija masa)",K-Ashtami (till 00:14 (+1)),Shravana,Sona 19,,high,,,
2026-09-04,Friday,"Sri Krishna Jayanti (Sauramana, Udupi)","ಶ್ರೀ ಕೃಷ್ಣ ಜಯಂತಿ (ಸೌರಮಾನ, ಉಡುಪಿ)",tulu,Krishna Ashtami at midnight (nishita) in solar month Simha (Sona),K-Ashtami (till 00:14 (+1)),Shravana,Sona 19,,low,Udupi follows Simha masa; Rohini nakshatra may also be considered. Confirm with Udupi Sri Krishna Matha calendar.,,
2026-09-07,Monday,Ekadashi,ಏಕಾದಶಿ,vrata,"Ekadashi at sunrise, every paksha/month",K-Ekadashi (till 17:04),Shravana,Sona 22,Shravana Krishna,medium,Smarta reckoning (Ekadashi at sunrise). Madhwa (arunodaya) variant noted when it differs.,,
2026-09-08,Tuesday,Pradosha,ಪ್ರದೋಷ,vrata,"Trayodashi at pradosha, every paksha/month",K-Dwadashi (till 14:43),Shravana,Sona 23,Shravana Krishna,medium,,,
2026-09-11,Friday,Amavasya,ಅಮಾವಾಸ್ಯೆ,vrata,"Amavasya at sunrise, every paksha/month",K-Amavasya (till 08:56),Shravana,Sona 26,Shravana Krishna,high,,,
2026-09-14,Monday,Ganesha Chaturthi,ಗಣೇಶ ಚತುರ್ಥಿ,major,"Bhadrapada Shukla Chaturthi at madhyahna (amanta, nija masa)",S-Tritiya (till 07:07),Bhadrapada,Sona 29,,high,,,
2026-09-14,Monday,Swarna Gowri Vrata,ಸ್ವರ್ಣ ಗೌರಿ ವ್ರತ,major,"Bhadrapada Shukla Tritiya at sunrise (amanta, nija masa)",S-Tritiya (till 07:07),Bhadrapada,Sona 29,,medium,,,
2026-09-17,Thursday,Kanya Sankramana (Nirnal begins),ಕನ್ಯಾ ಸಂಕ್ರಮಣ,sankramana,Day of Kanya sankramana (Sun enters sidereal Kanya),S-Shashthi (till 10:48),Bhadrapada,Nirnal 1,instant 07:52,high,,,
2026-09-22,Tuesday,Ekadashi,ಏಕಾದಶಿ,vrata,"Ekadashi at sunrise, every paksha/month",S-Ekadashi (till 21:43),Bhadrapada,Nirnal 6,Bhadrapada Shukla,medium,Smarta reckoning (Ekadashi at sunrise). Madhwa (arunodaya) variant noted when it differs.,,
2026-09-24,Thursday,Pradosha,ಪ್ರದೋಷ,vrata,"Trayodashi at pradosha, every paksha/month",S-Trayodashi (till 23:19),Bhadrapada,Nirnal 8,Bhadrapada Shukla,medium,,,
2026-09-25,Friday,Ananta Chaturdashi,ಅನಂತ ಚತುರ್ದಶಿ,major,"Bhadrapada Shukla Chaturdashi at sunrise (amanta, nija masa)",S-Chaturdashi (till 23:07),Bhadrapada,Nirnal 9,,medium,,,
2026-09-26,Saturday,Purnima,ಹುಣ್ಣಿಮೆ,vrata,"Purnima at sunrise, every paksha/month",S-Purnima (till 22:18),Bhadrapada,Nirnal 10,Bhadrapada Shukla,high,,,
2026-09-29,Tuesday,Sankashti Chaturthi,ಸಂಕಷ್ಟ ಚತುರ್ಥಿ,vrata,"Chaturthi at moonrise, every paksha/month",K-Tritiya (till 17:10),Bhadrapada,Nirnal 13,Bhadrapada Krishna,medium,,,
2026-10-06,Tuesday,Ekadashi,ಏಕಾದಶಿ,vrata,"Ekadashi at sunrise, every paksha/month",K-Ekadashi (till 00:34 (+1)),Bhadrapada,Nirnal 20,Bhadrapada Krishna,medium,Smarta reckoning (Ekadashi at sunrise). Madhwa (arunodaya) variant noted when it differs.,,
2026-10-08,Thursday,Pradosha,ಪ್ರದೋಷ,vrata,"Trayodashi at pradosha, every paksha/month",K-Trayodashi (till 22:16),Bhadrapada,Nirnal 22,Bhadrapada Krishna,medium,,,
2026-10-10,Saturday,Mahalaya Amavasya,ಮಹಾಲಯ ಅಮಾವಾಸ್ಯೆ,major,"Bhadrapada Amavasya at aparahna (amanta, nija masa)",K-Amavasya (till 21:20),Bhadrapada,Nirnal 24,,medium,,,
2026-10-10,Saturday,Amavasya,ಅಮಾವಾಸ್ಯೆ,vrata,"Amavasya at sunrise, every paksha/month",K-Amavasya (till 21:20),Bhadrapada,Nirnal 24,Bhadrapada Krishna,high,,,
2026-10-11,Sunday,Navaratri begins,ನವರಾತ್ರಿ ಆರಂಭ,major,"Ashvayuja Shukla Pratipada at sunrise (amanta, nija masa)",S-Pratipada (till 21:31),Ashvayuja,Nirnal 25,,high,Mangaluru Dasara begins.,,
2026-10-16,Friday,Sharada Puja (Saraswati Puja),ಶಾರದಾ ಪೂಜೆ,major,Mula nakshatra (longest in daytime) between Shukla Panchami and Shukla Navami of Ashvayuja,S-Shashthi (till 05:54 (+1)),Ashvayuja,Nirnal 30,,medium,Mula nakshatra during Navaratri.,,
2026-10-17,Saturday,Tula Sankramana (Kaveri Sankramana),ತುಲಾ ಸಂಕ್ರಮಣ (ಕಾವೇರಿ ಸಂಕ್ರಮಣ),tulu,Day of Tula sankramana (Sun enters sidereal Tula),S-Saptami (till 08:28 (+1)),Ashvayuja,Nirnal 31,instant 19:51,high,,,
2026-10-19,Monday,Durgashtami,ದುರ್ಗಾಷ್ಟಮಿ,major,"Ashvayuja Shukla Ashtami at sunrise (amanta, nija masa)",S-Ashtami (till 10:52),Ashvayuja,Bontel 2,,medium,,,
2026-10-20,Tuesday,Mahanavami / Ayudha Puja,ಮಹಾನವಮಿ / ಆಯುಧ ಪೂಜೆ,major,"Ashvayuja Shukla Navami at sunrise (amanta, nija masa)",S-Navami (till 12:50),Ashvayuja,Bontel 3,,medium,,,
2026-10-20,Tuesday,Vijayadashami,ವಿಜಯದಶಮಿ,major,"Ashvayuja Shukla Dashami at aparahna (amanta, nija masa)",S-Navami (till 12:50),Ashvayuja,Bontel 3,tithi touches at aparahna on two days; larger share chosen,high,,,
2026-10-22,Thursday,Ekadashi,ಏಕಾದಶಿ,vrata,"Ekadashi at sunrise, every paksha/month",S-Ekadashi (till 14:48),Ashvayuja,Bontel 5,Ashvayuja Shukla,medium,Smarta reckoning (Ekadashi at sunrise). Madhwa (arunodaya) variant noted when it differs.,,
2026-10-23,Friday,Pradosha,ಪ್ರದೋಷ,vrata,"Trayodashi at pradosha, every paksha/month",S-Dwadashi (till 14:36),Ashvayuja,Bontel 6,Ashvayuja Shukla,medium,,,
2026-10-26,Monday,Purnima,ಹುಣ್ಣಿಮೆ,vrata,"Purnima at sunrise, every paksha/month",S-Purnima (till 09:41),Ashvayuja,Bontel 9,Ashvayuja Shukla,high,,,
2026-10-29,Thursday,Sankashti Chaturthi,ಸಂಕಷ್ಟ ಚತುರ್ಥಿ,vrata,"Chaturthi at moonrise, every paksha/month",K-Chaturthi (till 22:10),Ashvayuja,Bontel 12,Ashvayuja Krishna,medium,,,
2026-11-05,Thursday,Ekadashi,ಏಕಾದಶಿ,vrata,"Ekadashi at sunrise, every paksha/month",K-Ekadashi (till 10:36),Ashvayuja,Bontel 19,Ashvayuja Krishna,medium,Smarta reckoning (Ekadashi at sunrise). Madhwa (arunodaya) variant noted when it differs.,,
2026-11-06,Friday,Pradosha,ಪ್ರದೋಷ,vrata,"Trayodashi at pradosha, every paksha/month",K-Dwadashi (till 10:31),Ashvayuja,Bontel 20,Ashvayuja Krishna,medium,,,
2026-11-08,Sunday,Naraka Chaturdashi,ನರಕ ಚತುರ್ದಶಿ,major,"Ashvayuja Krishna Chaturdashi at arunodaya (amanta, nija masa)",K-Chaturdashi (till 11:28),Ashvayuja,Bontel 22,,medium,Deepavali oil bath (abhyanga) day.,,
2026-11-08,Sunday,Deepavali Amavasya (Lakshmi Puja),ದೀಪಾವಳಿ ಅಮಾವಾಸ್ಯೆ (ಲಕ್ಷ್ಮೀ ಪೂಜೆ),major,"Ashvayuja Amavasya at pradosha (amanta, nija masa)",K-Chaturdashi (till 11:28),Ashvayuja,Bontel 22,,high,,,
2026-11-09,Monday,Amavasya,ಅಮಾವಾಸ್ಯೆ,vrata,"Amavasya at sunrise, every paksha/month",K-Amavasya (till 12:32),Ashvayuja,Bontel 23,Ashvayuja Krishna,high,,,
2026-11-10,Tuesday,Bali Padyami (Balindra Puja),ಬಲಿಪಾಡ್ಯಮಿ,tulu,"Kartika Shukla Pratipada at sunrise (amanta, nija masa)",S-Pratipada (till 14:00),Kartika,Bontel 24,,high,,,
2026-11-16,Monday,Vrishchika Sankramana (Jaarde begins),ವೃಶ್ಚಿಕ ಸಂಕ್ರಮಣ,sankramana,Day of Vrishchika sankramana (Sun enters sidereal Vrishchika),S-Saptami (till 04:20 (+1)),Kartika,Bontel 30,instant 19:43,high,,,
2026-11-21,Saturday,Tulasi Puja (Utthana Dwadashi),ತುಳಸಿ ಪೂಜೆ,tulu,"Kartika Shukla Dwadashi at pradosha (amanta, nija masa)",S-Ekadashi (till 06:31),Kartika,Jaarde 5,,low,Puja is in the evening; some households use the sunrise Dwadashi day.,,
2026-11-21,Saturday,Ekadashi,ಏಕಾದಶಿ,vrata,"Ekadashi at sunrise, every paksha/month",S-Ekadashi (till 06:31),Kartika,Jaarde 5,Kartika Shukla,medium,Smarta reckoning (Ekadashi at sunrise). Madhwa (arunodaya) variant noted when it differs.,,
2026-11-22,Sunday,Pradosha,ಪ್ರದೋಷ,vrata,"Trayodashi at pradosha, every paksha/month",S-Trayodashi (till 02:37 (+1)),Kartika,Jaarde 6,Kartika Shukla,medium,,,
2026-11-24,Tuesday,Purnima,ಹುಣ್ಣಿಮೆ,vrata,"Purnima at sunrise, every paksha/month",S-Purnima (till 20:23),Kartika,Jaarde 8,Kartika Shukla,high,,,
2026-11-27,Friday,Sankashti Chaturthi,ಸಂಕಷ್ಟ ಚತುರ್ಥಿ,vrata,"Chaturthi at moonrise, every paksha/month",K-Tritiya (till 09:49),Kartika,Jaarde 11,Kartika Krishna,medium,,,
2026-12-04,Friday,Ekadashi,ಏಕಾದಶಿ,vrata,"Ekadashi at sunrise, every paksha/month",K-Ekadashi (till 23:45),Kartika,Jaarde 18,Kartika Krishna,medium,Smarta reckoning (Ekadashi at sunrise). Madhwa (arunodaya) variant noted when it differs.,,
2026-12-06,Sunday,Pradosha,ಪ್ರದೋಷ,vrata,"Trayodashi at pradosha, every paksha/month",K-Trayodashi (till 02:22 (+1)),Kartika,Jaarde 20,Kartika Krishna,medium,,,
2026-12-08,Tuesday,Amavasya,ಅಮಾವಾಸ್ಯೆ,vrata,"Amavasya at sunrise, every paksha/month",K-Amavasya (till 06:21 (+1)),Kartika,Jaarde 22,Kartika Krishna,high,,,
2026-12-15,Tuesday,Subrahmanya Shashti (Champa Shashti),ಸುಬ್ರಹ್ಮಣ್ಯ ಷಷ್ಠಿ,tulu,"Margashira Shukla Shashthi at sunrise (amanta, nija masa)",S-Shashthi (till 21:19),Margashira,Jaarde 29,,medium,Kukke Subrahmanya and naga temples.,,
2026-12-16,Wednesday,Dhanu Sankramana (Perarde begins),ಧನು ಸಂಕ್ರಮಣ,sankramana,Day of Dhanu sankramana (Sun enters sidereal Dhanu),S-Saptami (till 22:46),Margashira,Perarde 1,instant 10:25,high,,,
2026-12-20,Sunday,Vaikuntha Ekadashi,ವೈಕುಂಠ ಏಕಾದಶಿ,major,Shukla Ekadashi at sunrise in solar month Dhanu (Perarde),S-Ekadashi (till 20:15),Margashira,Perarde 5,,medium,Shukla Ekadashi in Dhanu masa.,,
2026-12-20,Sunday,Ekadashi,ಏಕಾದಶಿ,vrata,"Ekadashi at sunrise, every paksha/month",S-Ekadashi (till 20:15),Margashira,Perarde 5,Margashira Shukla,medium,Smarta reckoning (Ekadashi at sunrise). Madhwa (arunodaya) variant noted when it differs.,,
2026-12-21,Monday,Pradosha,ಪ್ರದೋಷ,vrata,"Trayodashi at pradosha, every paksha/month",S-Dwadashi (till 17:36),Margashira,Perarde 6,Margashira Shukla,medium,,,
2026-12-22,Tuesday,Hanumad Vrata,ಹನುಮದ್ವ್ರತ,vrata,"Margashira Shukla Trayodashi at sunrise (amanta, nija masa)",S-Trayodashi (till 14:24),Margashira,Perarde 7,,medium,,,
2026-12-24,Thursday,Purnima,ಹುಣ್ಣಿಮೆ,vrata,"Purnima at sunrise, every paksha/month",S-Purnima (till 06:58),Margashira,Perarde 9,Margashira Shukla,high,,,
2026-12-26,Saturday,Sankashti Chaturthi,ಸಂಕಷ್ಟ ಚತುರ್ಥಿ,vrata,"Chaturthi at moonrise, every paksha/month",K-Tritiya (till 20:05),Margashira,Perarde 11,Margashira Krishna,medium,,,
